{"_step":0,"_wandb":{"runtime":1},"MAE":5.623766666666654,"_timestamp":1.7510132574355886e+09,"_runtime":1.3232725}