{"MAE":5.487533333333317,"_timestamp":1.750846261081605e+09,"_runtime":1.0154608999999999,"_step":0,"_wandb":{"runtime":1}}