{"_runtime":1.0259663,"_step":0,"_wandb":{"runtime":1},"MAE":5.192709999999981,"_timestamp":1.7508456590155175e+09}