{"_wandb":{"runtime":1},"_timestamp":1.7509330836708255e+09,"_runtime":1.2433884,"_step":0,"MAE":5.101096666666649}